position	relative_position	count	mean_attribution	mean_abs_attribution	positive_attribution_fraction	top_base	top_base_count	A_count	C_count	G_count	T_count	N_count
161	61	256	-0.310905573859375	0.5477821823281248	0.27734375	T	73	64	70	49	73	0
113	13	256	0.28265425184101545	0.3757189487855466	0.48828125	C	77	37	77	67	75	0
42	-58	256	-0.3470049727320701	0.3491857036257421	0.02734375	T	77	43	62	74	77	0
99	-1	256	0.27055309936929683	0.32173598734164066	0.765625	C	130	30	130	17	79	0
96	-4	256	0.16168354522421882	0.30815050902109364	0.41796875	C	75	51	75	70	60	0
75	-25	256	-0.075909981546875	0.28461495471875	0.3515625	C	93	50	93	52	61	0
101	1	256	-0.2712198263078908	0.2814690845842971	0.1171875	G	114	58	35	114	49	0
84	-16	256	0.005835407350781249	0.25362724001484366	0.3359375	C	79	43	79	67	67	0
0	-100	256	0.13100439538632813	0.25130095116054685	0.765625	A	80	80	53	51	72	0
47	-53	256	-0.2405710053804688	0.24891023134843746	0.10546875	T	67	61	64	64	67	0
173	73	256	-0.0632474449464297	0.24414600023325783	0.21484375	A	74	74	48	64	70	0
93	-7	256	-0.14655414225664062	0.23830409750664053	0.2265625	G	92	39	66	92	59	0
120	20	256	-0.07964827335078126	0.2363537872335938	0.703125	C	91	56	91	67	42	0
23	-77	256	0.07314345589597662	0.23179504793816408	0.3046875	T	69	67	68	52	69	0
1	-99	256	0.17593356980144523	0.22899934129152352	0.62890625	T	84	58	51	63	84	0
66	-34	256	-0.2102103472414063	0.22797674422578124	0.140625	C	75	59	75	57	65	0
195	95	256	-0.1771265400039062	0.22591222002351546	0.33984375	A	99	99	54	34	69	0
110	10	256	-0.19881873842445308	0.2148766309903905	0.171875	G	86	67	68	86	35	0
35	-65	256	0.003018304562968762	0.21380427321062503	0.68359375	T	80	61	62	53	80	0
69	-31	256	-0.0395388088778516	0.21169991490964843	0.27734375	C	74	56	74	71	55	0
198	98	256	-0.17449642589921868	0.2010349645414062	0.30078125	A	79	79	34	72	71	0
106	6	256	-0.030457468436328114	0.1993397515621092	0.33203125	C	84	48	84	80	44	0
25	-75	256	-0.16805636087675774	0.1857580764677733	0.16015625	T	75	65	52	64	75	0
45	-55	256	-0.1549239873478516	0.18555691360527346	0.25	T	78	46	63	69	78	0
116	16	256	-0.17145514180828125	0.18250188992312502	0.078125	G	87	55	77	87	37	0
191	91	256	0.15205504815234377	0.17995169867421879	0.703125	T	73	66	56	61	73	0
36	-64	256	0.14861668701425784	0.17906922440746093	0.66015625	A	72	72	56	56	72	0
74	-26	256	-0.07405660655390621	0.1780468587820313	0.29296875	T	82	37	80	57	82	0
56	-44	256	0.03162965058621096	0.17637200240519527	0.54296875	G	73	62	59	73	62	0
52	-48	256	-0.1714092284495313	0.17303685538718752	0.0234375	T	80	44	60	72	80	0
181	81	256	-0.057385101392929676	0.16769033958222654	0.4765625	A	86	86	56	49	65	0
109	9	256	0.029985527130468762	0.16768347419140608	0.36328125	C	79	62	79	72	43	0
105	5	256	0.07356080219921872	0.16315980557187493	0.5703125	C	80	30	80	74	72	0
123	23	256	-0.06315551669843744	0.16191632906078124	0.3125	C	85	50	85	70	51	0
167	67	256	-0.04531783019441408	0.1592740032741016	0.29296875	A	79	79	55	56	66	0
138	38	256	-0.15599535431835934	0.15675572002070312	0.01171875	C	77	47	77	60	72	0
126	26	256	-0.09890229148007804	0.15592584326523432	0.390625	C	79	61	79	74	42	0
8	-92	256	-0.15528707960507807	0.1557924009183593	0.0078125	A	83	83	51	42	80	0
115	15	256	0.03914028249843752	0.15506294892812506	0.69921875	C	79	49	79	77	51	0
32	-68	256	-0.1427915289891406	0.15426340689757828	0.16015625	A	72	72	44	68	72	0
41	-59	256	-0.08646842431875004	0.15409483074453126	0.3671875	G	81	41	54	81	80	0
177	77	256	-0.06335523141769528	0.15256450036753902	0.56640625	A	78	78	48	57	73	0
196	96	256	0.046017644215703146	0.15242158555484378	0.515625	A	74	74	59	56	67	0
151	51	256	-0.04664397115039063	0.1508000960027345	0.3203125	C	78	50	78	76	52	0
87	-13	256	-0.1382146944064453	0.14810057472582028	0.1640625	G	82	64	71	82	39	0
76	-24	256	0.1062736684562891	0.14751004873558585	0.671875	C	81	34	81	71	70	0
2	-98	256	-0.14408414676347647	0.14635329520839832	0.0390625	T	85	62	69	40	85	0
98	-2	256	-0.020634120460019528	0.14550772984689445	0.4140625	C	84	41	84	61	70	0
184	84	256	-0.1300020913652344	0.144510885307422	0.125	T	83	77	55	41	83	0
170	70	256	0.10353734160820316	0.1431175527738281	0.796875	A	73	73	69	46	68	0
90	-10	256	-0.0028124797730859396	0.1415109955693361	0.58984375	C	76	43	76	72	65	0
15	-85	256	-0.09455848128984384	0.13965980667265637	0.1796875	T	88	63	46	59	88	0
148	48	256	-0.09782415086237892	0.13958586194816797	0.53125	A	71	71	68	67	50	0
24	-76	256	-0.1260387126148437	0.1387001700945313	0.17578125	T	75	72	55	54	75	0
154	54	256	-0.1372087281234374	0.13851081544921864	0.02734375	G	79	75	53	79	49	0
111	11	256	-0.07254319805000779	0.13829907651007028	0.30078125	C	80	74	80	54	48	0
142	42	256	-0.04412793239246094	0.13746861437527352	0.53125	G	77	66	60	77	53	0
141	41	256	-0.1325940269716406	0.13676286320757808	0.05078125	A	83	83	65	63	45	0
190	90	256	0.050288673974113275	0.13636596812778515	0.34765625	A	80	80	67	40	69	0
166	66	256	-0.12817171674203123	0.13371943596578123	0.07421875	A	77	77	58	67	54	0
6	-94	256	-0.1264968173327344	0.13184609021554686	0.0390625	T	93	61	41	61	93	0
171	71	256	-0.03941582413656251	0.1313425372071875	0.53515625	A	83	83	57	48	68	0
40	-60	256	-0.09271482999523441	0.12966708246476566	0.32421875	G	91	43	47	91	75	0
131	31	256	-0.06670590856601565	0.12541573685039065	0.25	G	76	52	67	76	61	0
140	40	256	-0.10161241182226562	0.12363237195226558	0.390625	A	69	69	62	68	57	0
139	39	256	-0.07516928845975775	0.12323719422069528	0.296875	T	102	49	57	48	102	0
103	3	256	0.02405120597632814	0.12233171794351569	0.30078125	A	77	77	61	62	56	0
51	-49	256	0.06118268637566406	0.12056757258191411	0.62109375	T	94	42	73	47	94	0
143	43	256	0.007563704515781249	0.11966508772015623	0.34765625	C	88	72	88	46	50	0
59	-41	256	-0.09705254164636046	0.1190627890731707	0.24609375	T	86	52	55	63	86	0
26	-74	256	-0.09002105668710936	0.11898483926757827	0.26953125	T	85	59	49	63	85	0
178	78	256	0.020562496836484374	0.11897293932687496	0.34765625	T	84	71	51	50	84	0
125	25	256	-0.11367151934648434	0.11858160795664058	0.09375	G	75	55	71	75	55	0
153	53	256	-0.0055396512817968814	0.11857716669976565	0.56640625	A	75	75	50	57	74	0
57	-43	256	-0.04485471481128907	0.11679679844097664	0.51171875	T	79	58	72	47	79	0
119	19	256	0.009743916930234372	0.11637396443492187	0.3984375	G	90	55	79	90	32	0
107	7	256	-0.01677254860546874	0.11606673394140624	0.3671875	C	94	66	94	57	39	0
5	-95	256	-0.010540331582031251	0.11386666219843754	0.58984375	T	86	73	39	58	86	0
121	21	256	0.031112264199999996	0.1138117162820313	0.55859375	C	84	50	84	62	60	0
19	-81	256	-0.0052827814175781225	0.11335820029414062	0.390625	T	84	59	46	67	84	0
108	8	256	0.016431331928679693	0.1129906961822578	0.51953125	C	78	56	78	72	50	0
164	64	256	-0.06072654120753908	0.11229843333253907	0.421875	T	72	68	45	71	72	0
197	97	256	0.06622609454028516	0.11225815732466021	0.69921875	A	86	86	40	64	66	0
132	32	256	-0.03338610151308594	0.11031337195214845	0.47265625	G	70	69	68	70	49	0
81	-19	256	-0.07147574688828122	0.10989310733640624	0.234375	C	91	47	91	74	44	0
129	29	256	0.024557418444257826	0.10948625752605477	0.51953125	T	77	46	71	62	77	0
83	-17	256	0.012762801189140624	0.10577861433382811	0.50390625	C	75	44	75	74	63	0
169	69	256	-0.007108210076171875	0.10525100820273436	0.55859375	A	80	80	70	46	60	0
12	-88	256	-0.04833043548259768	0.10483291288302733	0.2734375	T	79	69	43	65	79	0
112	12	256	0.04947558629886721	0.10354576907332023	0.48828125	C	82	45	82	59	70	0
55	-45	256	-0.08895769468044143	0.10354198371591022	0.2890625	G	79	64	60	79	53	0
58	-42	256	0.00454645201472656	0.10298891979191407	0.55859375	T	75	56	69	56	75	0
185	85	256	-0.09295364381792967	0.1022283564461328	0.1484375	A	72	72	59	61	64	0
94	-6	256	-0.04040690433554688	0.10198862897773439	0.375	C	69	67	69	69	51	0
104	4	256	-0.08630688278937504	0.1017907498885938	0.18359375	G	79	61	73	79	43	0
82	-18	256	0.007570154210781245	0.10146592941937499	0.40625	C	93	55	93	58	50	0
152	52	256	0.01502545360303124	0.10133018000334383	0.36328125	C	80	59	80	55	62	0
37	-63	256	-0.05669622784468354	0.10069564124155855	0.21484375	T	71	62	56	67	71	0
30	-70	256	-0.02553540158042969	0.10044045783246097	0.30859375	T	81	47	59	69	81	0
71	-29	256	0.019606111532734394	0.10039750925164061	0.46484375	A	72	72	58	69	57	0
3	-97	256	0.07193273500390628	0.10034296878906251	0.79296875	T	90	57	72	37	90	0
10	-90	256	-0.09547145221121092	0.10033650386597656	0.08203125	A	73	73	45	70	68	0
117	17	256	-0.08668241159257815	0.10029661635585936	0.109375	C	83	54	83	80	39	0
193	93	256	-0.08677992994101563	0.09820811058945314	0.1796875	A	80	80	48	63	65	0
78	-22	256	0.0045630937057031225	0.09801103515039057	0.50390625	C	91	34	91	89	42	0
92	-8	256	-0.07255840500214844	0.09692036007089841	0.2109375	G	77	53	72	77	54	0
187	87	256	0.03736936486929688	0.09656605868343751	0.41015625	A	74	74	71	46	65	0
28	-72	256	-0.08513322894800789	0.09503962197308598	0.23046875	T	98	50	60	48	98	0
160	60	256	-0.04388263312386718	0.09281255677457026	0.40234375	A	66	66	65	65	60	0
11	-89	256	-0.04317461906222656	0.09271801040886711	0.2578125	T	82	66	55	53	82	0
89	-11	256	0.020086717426785156	0.09226372717024603	0.44921875	T	73	51	64	68	73	0
102	2	256	-0.06462444938292972	0.09199678320457032	0.20703125	G	85	68	64	85	39	0
135	35	256	-0.0705263722310938	0.09105722562828124	0.26171875	C	70	64	70	59	63	0
70	-30	256	-0.04729981394921876	0.09078864731015623	0.2890625	C	71	59	71	69	57	0
150	50	256	0.0033259218543359344	0.09009318811917971	0.5703125	G	73	72	57	73	54	0
50	-50	256	-0.021130448642968747	0.09001387026953114	0.59765625	T	75	51	64	66	75	0
54	-46	256	-0.07471871955132818	0.08950261226148437	0.19921875	G	74	57	53	74	72	0
64	-36	256	0.00948000136601563	0.08752330306835931	0.6875	T	81	54	55	66	81	0
124	24	256	-0.0867114987417969	0.08700957708070317	0.015625	C	77	75	77	64	40	0
27	-73	256	0.013608364683085938	0.0867761955442578	0.46484375	T	81	60	65	50	81	0
7	-93	256	-0.07438991050898439	0.0864948556303125	0.19921875	T	67	61	66	62	67	0
172	72	256	-0.0431256382764844	0.08633624379749999	0.25	A	80	80	50	61	65	0
97	-3	256	-0.024748565331992198	0.08515384349527344	0.390625	C	75	60	75	69	52	0
194	94	256	-0.022229706584648446	0.0851041817451954	0.62890625	A	81	81	58	51	66	0
21	-79	256	-0.06774771893871093	0.0848836472405078	0.1484375	T	75	64	49	68	75	0
158	58	256	-0.007712708423636724	0.0834634290423867	0.47265625	A	79	79	62	67	48	0
130	30	256	-0.039551980658613275	0.08309201907787113	0.26953125	G	80	59	50	80	67	0
61	-39	256	0.014739367700195304	0.08252111989542973	0.48828125	A	84	84	55	53	64	0
53	-47	256	-0.05532312333906246	0.08196566296875002	0.3359375	T	66	64	61	65	66	0
80	-20	256	-0.04148963268890624	0.08170254283921877	0.42578125	G	90	49	70	90	47	0
95	-5	256	0.03410139738550548	0.08078975122743207	0.62109375	G	81	62	71	81	42	0
16	-84	256	-0.04360481284410545	0.08002402662668356	0.2890625	T	89	65	56	46	89	0
137	37	256	-0.005942500879179685	0.07967429516878902	0.60546875	C	76	54	76	56	70	0
14	-86	256	-0.07279278571574219	0.079586715464961	0.12890625	T	79	56	50	71	79	0
133	33	256	0.024222665727031266	0.07920765636632816	0.69140625	A	89	89	59	55	53	0
118	18	256	-0.03505400526136719	0.07823641387910155	0.34375	G	102	47	52	102	55	0
67	-33	256	-0.00686088342125	0.07797735493453123	0.42578125	T	79	57	74	46	79	0
145	45	256	0.031943021763828114	0.07796277929429685	0.65625	T	72	67	65	52	72	0
77	-23	256	-0.07068903015976954	0.07741789019047267	0.140625	G	81	46	64	81	65	0
33	-67	256	-0.04113959550847656	0.07699122404621085	0.24609375	T	80	56	59	61	80	0
79	-21	256	-0.009917359271054683	0.07691003111417974	0.44140625	A	78	78	65	75	38	0
147	47	256	-0.050598169314570264	0.07609519563207032	0.29296875	C	77	47	77	75	57	0
176	76	256	-0.05086318233398439	0.07571339758867182	0.23828125	T	89	61	58	48	89	0
149	49	256	0.026095696846769517	0.0756711401936445	0.50390625	A	72	72	70	68	46	0
127	27	256	-0.01411263017828125	0.07562599125249997	0.44140625	G	81	77	61	81	37	0
62	-38	256	-0.06112254458984375	0.07546237591093749	0.21484375	A	87	87	47	72	50	0
122	22	256	-0.028199144658925784	0.07521894436189451	0.453125	C	78	40	78	77	61	0
22	-78	256	-0.06585772382628902	0.07364495414644534	0.15625	T	69	60	61	66	69	0
68	-32	256	-0.05635107265944529	0.0735490210607109	0.3984375	C	69	65	69	56	66	0
155	55	256	0.009131425412228519	0.0732963908466035	0.58984375	A	82	82	63	55	56	0
31	-69	256	-0.058558920917851594	0.07234049975558594	0.15234375	T	76	58	55	67	76	0
49	-51	256	-0.01050799176746094	0.07179160419732028	0.31640625	G	76	50	75	76	55	0
162	62	256	-0.03823094849789063	0.07086910155835938	0.4609375	A	79	79	57	62	58	0
43	-57	256	-0.04426435324519528	0.07068699647410154	0.28515625	T	83	45	73	55	83	0
91	-9	256	0.02322245276468749	0.06908725893851564	0.59765625	C	81	52	81	65	58	0
144	44	256	0.008107385365039063	0.06809942156152347	0.5	C	87	66	87	51	52	0
34	-66	256	-0.011645518219289061	0.06799526369194527	0.35546875	T	86	50	59	61	86	0
179	79	256	-0.039800591426484386	0.06770570940460938	0.29296875	T	75	68	57	56	75	0
174	74	256	-0.030988290646246083	0.06683267023960543	0.33203125	T	85	65	58	48	85	0
38	-62	256	-0.0042731388045312525	0.06680406610671874	0.66796875	T	76	54	62	64	76	0
48	-52	256	-0.0327966522651172	0.06451645076863283	0.32421875	G	69	63	62	69	62	0
136	36	256	0.01905028857144531	0.06332097630808595	0.5859375	T	68	58	67	63	68	0
29	-71	256	-0.020841864461484373	0.06299398774195315	0.4765625	T	72	62	60	62	72	0
44	-56	256	-0.006354485604101555	0.0629721143324609	0.39453125	T	88	56	55	57	88	0
157	57	256	-0.03678284869472225	0.06151854642909728	0.26171875	A	84	84	61	58	53	0
18	-82	256	-0.026515212073828127	0.06136187564960938	0.265625	T	85	63	45	63	85	0
163	63	256	-0.00010782216289062299	0.06084338904570311	0.4375	A	73	73	50	70	63	0
72	-28	256	-0.03167078595006291	0.06082138046079647	0.3984375	G	76	60	63	76	57	0
60	-40	256	-0.01016871748722657	0.0607850913278516	0.51953125	T	73	58	55	70	73	0
86	-14	256	0.020690416637691406	0.060474767770121035	0.57421875	G	87	46	54	87	69	0
188	88	256	-0.027435963938554676	0.060218706841132806	0.34375	A	88	88	59	54	55	0
63	-37	256	-0.03575042866710937	0.059736566600625	0.41015625	G	80	68	48	80	60	0
46	-54	256	-0.0046935173583984415	0.059693720013164066	0.38671875	C	69	57	69	65	65	0
88	-12	256	0.011878461154296874	0.05799701896210938	0.5859375	G	71	70	61	71	54	0
114	14	256	-0.04366588670640975	0.05725047102085587	0.359375	C	90	48	90	61	57	0
13	-87	256	-0.05223262283902346	0.056322930127382785	0.0859375	G	83	77	35	83	61	0
165	65	256	-0.043219040907304655	0.05578659763042967	0.2578125	T	77	75	48	56	77	0
146	46	256	-0.00601722462238281	0.055697414794023466	0.5546875	G	75	73	64	75	44	0
17	-83	256	-0.00818375239398437	0.05473170553046873	0.2578125	T	97	55	51	53	97	0
159	59	256	0.0030796691054296886	0.0518112974007422	0.609375	C	77	70	77	53	56	0
39	-61	256	0.008880717305156249	0.05112130276749999	0.609375	T	72	58	57	69	72	0
186	86	256	0.010950831616054691	0.05095382520410157	0.63671875	A	85	85	59	48	64	0
85	-15	256	0.021917823650976546	0.05046091715253911	0.734375	C	78	50	78	67	61	0
189	89	256	-0.046911062502031226	0.05043700026039059	0.11328125	G	68	67	62	68	59	0
73	-27	256	-0.015933378283941403	0.0500573956797305	0.42578125	C	75	39	75	72	70	0
175	75	256	0.003596785912605467	0.04781935026708205	0.5234375	T	82	69	56	49	82	0
183	83	256	-0.02805243971570312	0.047369891719062515	0.3515625	A	94	94	56	53	53	0
156	56	256	-0.013256972347343755	0.04709030539453127	0.49609375	A	86	86	63	64	43	0
4	-96	256	-0.03480821109515623	0.04696205743617188	0.328125	T	83	66	61	46	83	0
182	82	256	-0.020600243798789053	0.04636011525566404	0.3671875	A	92	92	61	46	57	0
134	34	256	-0.01964279869596093	0.04392575254263281	0.34375	G	80	49	72	80	55	0
9	-91	256	0.005984734195558592	0.04324414766951952	0.55859375	T	76	75	48	57	76	0
65	-35	256	-0.012053480131699223	0.0431878486176367	0.28515625	C	80	72	80	52	52	0
20	-80	256	-0.030854337106234375	0.04123795312517185	0.27734375	T	78	65	48	65	78	0
180	80	256	0.008604326516875007	0.04096670365679688	0.58203125	A	78	78	65	48	65	0
199	99	256	-0.01124941128308594	0.03413426753183595	0.34765625	A	82	82	45	64	65	0
128	28	256	0.007040720341742182	0.03411097521255469	0.59375	A	80	80	55	70	51	0
168	68	256	0.00506403168066406	0.030991191798242185	0.62109375	A	80	80	64	46	66	0
200	100	256	-0.014884098850483597	0.030187920951313268	0.3359375	T	79	71	60	46	79	0
192	92	256	-0.008905713558624996	0.028215990623249997	0.41015625	A	90	90	48	47	71	0
100	0	256	0.0002865828580234373	0.015281031324507812	0.48046875	T	150	106	0	0	150	0
